{
    "citys": [
        {
            "id": "101010100",
            "cityEn": "beijing",
            "cityZh": "北京",
            "provinceEn": "beijing",
            "provinceZh": "北京",
            "leaderEn": "beijing",
            "leaderZh": "北京",
            "lat": "39.904989",
            "lon": "116.405285"
        },
        {
            "id": "101010200",
            "cityEn": "haidian",
            "cityZh": "海淀",
            "provinceEn": "beijing",
            "provinceZh": "北京",
            "leaderEn": "beijing",
            "leaderZh": "北京",
            "lat": "39.956074",
            "lon": "116.310316"
        }
    ]
}