{
  "id": "1538384",
  "name": "no name",
  "font_family": "iconfont",
  "css_prefix_text": "icon-",
  "description": "",
  "glyphs": [
    {
      "icon_id": "566774",
      "name": "左箭头",
      "font_class": "zuojiantou",
      "unicode": "e64e",
      "unicode_decimal": 58958
    },
    {
      "icon_id": "4599465",
      "name": "乘号",
      "font_class": "chenghao1",
      "unicode": "e62e",
      "unicode_decimal": 58926
    },
    {
      "icon_id": "9974761",
      "name": "加",
      "font_class": "jia",
      "unicode": "e711",
      "unicode_decimal": 59153
    },
    {
      "icon_id": "10047330",
      "name": "更多",
      "font_class": "ziyuan",
      "unicode": "e60f",
      "unicode_decimal": 58895
    }
  ]
}
