{
  "id": "1594691",
  "name": "ne'w",
  "font_family": "iconfont",
  "css_prefix_text": "icon-",
  "description": "",
  "glyphs": [
    {
      "icon_id": "436239",
      "name": "运动",
      "font_class": "19",
      "unicode": "e613",
      "unicode_decimal": 58899
    },
    {
      "icon_id": "3553997",
      "name": "太阳",
      "font_class": "taiyang",
      "unicode": "e662",
      "unicode_decimal": 58978
    },
    {
      "icon_id": "3909817",
      "name": "健康干预",
      "font_class": "navicon-jkgy",
      "unicode": "e67e",
      "unicode_decimal": 59006
    },
    {
      "icon_id": "5220085",
      "name": "衣服",
      "font_class": "yifu",
      "unicode": "e607",
      "unicode_decimal": 58887
    },
    {
      "icon_id": "8628975",
      "name": "空气质量",
      "font_class": "kongqizhiliang",
      "unicode": "ff00",
      "unicode_decimal": 65280
    },
    {
      "icon_id": "11254576",
      "name": "汽车",
      "font_class": "Car",
      "unicode": "e694",
      "unicode_decimal": 59028
    }
  ]
}
